category,title,url,content
ورزشی,ارکان قضایی فدراسیون فوتبال درآمدزا یا بازدارنده؟,https://www.isna.ir/news/1404011707884/%D8%A7%D8%B1%DA%A9%D8%A7%D9%86-%D9%82%D8%B6%D8%A7%DB%8C%DB%8C-%D9%81%D8%AF%D8%B1%D8%A7%D8%B3%DB%8C%D9%88%D9%86-%D9%81%D9%88%D8%AA%D8%A8%D8%A7%D9%84-%D8%AF%D8%B1%D8%A2%D9%85%D8%AF%D8%B2%D8%A7-%DB%8C%D8%A7-%D8%A8%D8%A7%D8%B2%D8%AF%D8%A7%D8%B1%D9%86%D8%AF%D9%87,"به گزارش ایسنا، هفته بیست‌وپنجم لیگ برتر فوتبال ایران درحالی دیروز (شنبه) پیگیری شد که با حواشی عجیب و تاسف باری همراه بود. از درگیری شدید در دیدار هوادار و ملوان که منجر به ضرب و شتم مدیر رسانه‌ای تیم فوتبال هوادار شد تا درگیری بین اعضای نیمکت تیم‌های آلومینیوم و سپاهان که به مصدومیت شدید مهدی کریمیان مربی سپاهان ختم شد. اما در این میان سوال مهم از ارکان قضایی فدراسیون فوتبال این است که اقدامات شما در طول دو سه فصل اخیر چقدر در کم شدن این گونه اتفاقات ناگوار و تاسف‌بار تاثیرگذار بوده است؟اتفاقاتی که در جریان دو بازی لیگ برتر در هفته بیست‌وپنجم رقم خورد، برای فوتبال دوستان ایرانی ناآشنا نیست چرا که هر از گاهی چه در بالاترین سطح فوتبال ایران و چه در سطوح پایین‌تر و پایه شاهد چنین مسائلی هستیم اما موضوع اصلی اینجاست نقش ارکان قضایی فدراسیون فوتبال و عملکرد آنها در جلوگیری از بروز این حواشی چیست؟در فصل جاری بارها شاهد صدور دستور موقت و یا احکام محرومیت و جرایم سنگین از سوی ارکان قضایی فدراسیون فوتبال در رابطه با متخلفان فوتبال ایران بوده‌ایم اما عملا این آرا و دستورات قضایی هیچ نقشی در کم شدن حواشی‌، درگیری‌ها و تخلفات برخی از اهالی فوتبال نداشته و عملا فقط درآمد میلیاردی برای فدراسیون فوتبال به همراه داشته است.کمیته انضباطی فدراسیون فوتبال در فصل جاری بارها با صدور رای محرومیت هواداران و یا جرایم سنگین برای باشگاه‌ها سعی داشته جو روی سکوها را کنترل کند تا هواداران کمتر شعارهای توهین آمیز سر بدهند اما کافی است یک بار در یکی از ورزشگاه‌ها حاضر شوید تا به شما ثابت شود جرایم کمیته انضباطی فدراسیون فوتبال بی‌اثر بوده و عملا جو سالمی روی سکوهای ورزشگاه‌های ایران حاکم نیست.سالم‌سازی جو ورزشگاه‌های فوتبال ایران چه روی سکوها و چه درون مستطیل سبز و روی نیمکت‌ها خواسته همه اهالی فوتبال است اما به نظر می‌رسد رسیدن به این هدف بزرگ صرفا از راه جرایم سنگین و محرومیت‌های مکرر محقق نخواهد شد. شاید بهتر باشد فدراسیون فوتبال به خاطر عملکرد ضعیفش در این مقوله، اول خود را بازخواست کند و بعد به فکر راه‌های بهتری برای سالم سازی جو ورزشگاه‌ها باشد.انتهای پیام"
ورزشی,دوچرخه‌سواری با دوپینگ صفر/ واکنش رییس به ۲ انتصاب پرحرف و حدیث,https://www.isna.ir/news/1404011707783/%D8%AF%D9%88%DA%86%D8%B1%D8%AE%D9%87-%D8%B3%D9%88%D8%A7%D8%B1%DB%8C-%D8%A8%D8%A7-%D8%AF%D9%88%D9%BE%DB%8C%D9%86%DA%AF-%D8%B5%D9%81%D8%B1-%D9%88%D8%A7%DA%A9%D9%86%D8%B4-%D8%B1%DB%8C%DB%8C%D8%B3-%D8%A8%D9%87-%DB%B2-%D8%A7%D9%86%D8%AA%D8%B5%D8%A7%D8%A8-%D9%BE%D8%B1%D8%AD%D8%B1%D9%81-%D9%88-%D8%AD%D8%AF%DB%8C%D8%AB,"رسول اسدی در گفت‌وگو با ایسنا درباره‌ی یکی از مهمترین اتفاقات دوچرخه‌سواری در سال گذشته بیان کرد: تعداد دوپینگ بین المللی و داخلی ما در سال گذشته صفر بود این در حالی است که پیش از این دوپینگ یکی از چالش‌های اصلی ما بود و حتی فدراسیون را با پرونده دوپینگ سازمان یافته تحویل گرفته بودیم.اسدی در مورد علت انتصاب‌های پرحرف و حدیث خود از جمله حکم سرپرست دبیری برای مسئول امور اداری فدراسیون و حکم مربی بدنساز برای همسر رسول خطیبی مدیرعامل باشگاه سایپا تصریح کرد: آقای عطاالهی بعد از دو سه سالی که فعالیت داشت از سمت دبیری فدراسیون استعفا داد. دبیری فدراسیون هم پستی است که باید در آن فعالیت زیادی داشت. خانم اردکانی با توجه به سوابقی که داشت و اینکه مسئول امور اداری بود، به فعالیت اداری کاملا مسلط است.او در مورد اینکه گفته می‌شود دوچرخه‌سواری هیچ فرد دیگری را نداشت که مسئول امور اداری سرپرست دبیر شود؟ گفت: دبیر فدراسیون نباید و لازم نیست فنی باشد و رییس! خودش فنی است. آقای عطاالهی مگر دوچرخه‌سوار بود؟او در مورد حکم دادن به همسر رسول خطیبی مدیرعامل باشگاه سایپا گفت: او مربی بدنساز است. از سال گذشته به فدراسیون ما آمد و برای همکاری ابراز علاقه کرد. ما هم با توجه به صحبتی که با آقای خطیبی داشتیم که در بانوان تیمداری کند، خواستم به واسطه همسرش بیشتر با جامعه دوچرخه سواری آشنا شود و زمینه را فراهم کنیم که تیمداری کند.رییس فدراسیون در پاسخ به این پرسش که در قبال داشتن این پست قرار است امتیازی از باشگاه سایپا بگیرد؟ تصریح کرد: آقای خطیبی مسئولیت باشگاه‌داری دارد و ما هم می‌خواهیم که باشگاه‌ها به دوچرخه سواری ورود پیدا کنند و این رشته را گسترش دهیم بنابراین اینکه دادن این پست چه ایرادی دارد را نمی‌دانم. البته همسر او در زمینه Indoor Cycling  فعالیت داشته و مربی است. از طرفی سمت خیلی خاصی هم داده نشده مربی بدنساز است و هر کسی می‌توانست این سمت را بگیرد.او در مورد برنامه مسابقات فدراسیون گفت: در حال تلاش هستیم که مسابقات مختلفی را میزبان شویم. ۲۸ فروردین اولین جلسه هیات رییسه در کوالالامپور است و من هم شرکت می‌کنم و در مورد میزبانی‌های سال ۲۰۲۶ تصمیم‌گیری می‌شود. اولین رییس فدراسیون دوچرخه‌سواری بودم که با به دست آوردن رای عضو هیات رییسه آسیا شدم.او افزود: در حال حاضر اولویت اصلی ما بازی‌های آسیایی جوانان بحرین است و ۱۰ مرحله مسابقه برای ورزشکاران طراحی کرده‌ایم و اولین مسابقه هفتم فروردین بود و هر دو هفته یکبار تا زمان اعزام این مسابقات ادامه دارد. برگزاری رویدادهای بین المللی تور ایران - آذربایجان و مازندران هم در دستور کار است.انتهای پیام"
ورزشی,"زور فولاد به شهداب نرسید/ غفور، ستاره تمام‌نشدنی والیبال",https://www.isna.ir/news/1404011708023/%D8%B2%D9%88%D8%B1-%D9%81%D9%88%D9%84%D8%A7%D8%AF-%D8%A8%D9%87-%D8%B4%D9%87%D8%AF%D8%A7%D8%A8-%D9%86%D8%B1%D8%B3%DB%8C%D8%AF-%D8%BA%D9%81%D9%88%D8%B1-%D8%B3%D8%AA%D8%A7%D8%B1%D9%87-%D8%AA%D9%85%D8%A7%D9%85-%D9%86%D8%B4%D8%AF%D9%86%DB%8C-%D9%88%D8%A7%D9%84%DB%8C%D8%A8%D8%A7%D9%84,"به گزارش ایسنا، تیم‌های شهداب یزد و فولاد سیرجان ایرانیان در دیدار اول فینال لیگ برتر والیبال از ساعت ۱۶ یکشنبه ۱۷ فروردین به مصاف هم رفتند که این مسابقه با پیروزی شهداب به پایان رسید.شاگردان مهدی مهدوی در شهداب موفق شدند این دیدار را با حساب سه بر یک و با امتیازهای ۲۴ بر ۲۶، ۲۶ بر ۲۴، ۲۵ بر ۲۱ و ۲۵ بر ۱۷ ببرند.امیر غفور، قطرپاسور شهداب و ستاره والیبال ایران، در این مسابقه درخشید و امتیازهای زیادی را کسب کرد.این دیدار حاشیه‌هایی هم داشت و چند بار به دلیل درگیری لفظی محمد موسوی، کاپیتان فولاد، با خاویر کنسپسیون، دفاع وسط کوبایی شهداب، متوقف شد.شهداب و فولاد در فینال فصل قبل لیگ، فینال قهرمانی باشگاه‌های آسیا و فینال جام حذفی به مصاف هم رفتند که در هر سه دیدار شاگران بهروز عطایی در فولاد به برتری رسیدند و دست شهداب از جام کوتاه ماند.دومین بازی فینال سه‌شنبه، ۱۹ فروردین برگزار می‌شود.انتهای پیام"
ورزشی,دومین شکست فصل لیورپول در لیگ جزیره,https://www.isna.ir/news/1404011708027/%D8%AF%D9%88%D9%85%DB%8C%D9%86-%D8%B4%DA%A9%D8%B3%D8%AA-%D9%81%D8%B5%D9%84-%D9%84%DB%8C%D9%88%D8%B1%D9%BE%D9%88%D9%84-%D8%AF%D8%B1-%D9%84%DB%8C%DA%AF-%D8%AC%D8%B2%DB%8C%D8%B1%D9%87,"به گزارش ایسنا، هفته سی‌ویکم لیگ جزیره امروز (یکشنبه، ۱۷ فروردین) با برگزاری چهار مسابقه پیگیری می‌شود.در بازی برنتفورد - چلسی توپی از خط دروازه‌ها گذر نکرد و دو تیم به تساوی بدون گل و تقسیم امتیازها بسنده کردند.فولام در کراون کاتیج لندن توانست سه بر دو لیورپول صدرنشین را از پیش رو بردارد و دومین شکست فصل آنفیلدی‌ها را در فصل ۲۰۲۵ - ۲۰۲۴ لیگ برتر انگلیس رقم زد. اگر چه مک‌آلیستر در چهاردهمین دقیقه بازی زننده گل نخست مسابقه برای لیورپول بود ولی در ادامه سه گل سسگسون (۲۳)، ایووبی (۳۲) و مونیز (۳۷) کار صدرنشین جدول لیگ برتر را برای برگشت به مسابقه سخت کرد. گل دقیقه ۷۲ لوئیز دیاز هم تنها از سنگینی شکست برای مردان آرنه اسلوت کم کرد و تاثیر چندانی در نتیجه نهایی بازی و باخت لیورپول نداشت. به این ترتیب روند شکست‌ناپذیری قرمزها به پایان رسید و نخستین شکست خارج از خانه شاگردان آرنه اسلوت رقم خورد. باخت امروز لیورپول برابر فولام، اولین شکست لیگ برتری‌اش پس از ۲۶ بازی به شمار می‌رود (۱۹ پیروزی و ۷ تساوی). مردان اسلوت آخرین‌ بار در هفته چهارم لیگ جزیره در خانه با نتیجه یک گل برابر ناتینگهام فارست شکست را پذیرا شده بودند.تاتنهام هم در خانه توانست سه بر یک ساوتهمپتون را از پیش رو بردارد.تا دقایقی دیگر هم تیم‌های همشهری یونایتد و سیتی شهرآورد شهر منچستر را برگزار خواهند کرد.لیورپول با وجود این شکست در جدول لیگ برتر با ۷۳ امتیاز همچنان صدرنشین است و یازده امتیاز با آرسنال رده دومی فاصله دارد. ناتینگهام فارست هم با ۵۷ امتیاز سوم است.این خبر به روز رسانی می‌شود."
ورزشی,عطایی: به یک صخره خوردیم/ غفور روند بازی را تغییر داد,https://www.isna.ir/news/1404011708048/%D8%B9%D8%B7%D8%A7%DB%8C%DB%8C-%D8%A8%D9%87-%DB%8C%DA%A9-%D8%B5%D8%AE%D8%B1%D9%87-%D8%AE%D9%88%D8%B1%D8%AF%DB%8C%D9%85-%D8%BA%D9%81%D9%88%D8%B1-%D8%B1%D9%88%D9%86%D8%AF-%D8%A8%D8%A7%D8%B2%DB%8C-%D8%B1%D8%A7-%D8%AA%D8%BA%DB%8C%DB%8C%D8%B1-%D8%AF%D8%A7%D8%AF,"به گزارش ایسنا، تیم والیبال فولاد سیرجان ایرانیان در دیدار اول فینال مقابل شهداب یزد سه بر یک شکست خورد.بهروز عطایی پس از شکست مردانش گفت: پیش‌بینی بازی سختی را داشتیم. شهداب تیم بسیار قدرتمند و باکیفیتی است و در جریان لیگ تیم ما را دو بار برده بود. بچه‌های ما این تفکر را داشتند که پیروز می‌شوند. تمام انرژی‌مان را گذاشتیم که بچه‌ها بپذیرند بردن بازی در داخل زمین است و از قبل برنده نیستند.او ادامه داد: شروع خوبی داشتیم اما این ذهنیت در بچه‌های ما بود که در هر شرایطی برنده هستند اما به یک صخره سخت خوردند و نتوانستند بایستند. بنابراین در ادامه عصبی و ناهماهنگ کار کردند. سعی کردیم عصبانیت را به حداقل برسانیم و مثل شهداب در کمال آرامش بازی کنیم اما ما عصبی و عجول بازی کردیم. اتفاق خاصی نیفتاده و برنده فینال با دو بازی قهرمان می‌شود. قطعا بازی سوم را خواهید دید.عطایی درباره تقابل غفور و حاجی‌پور در این بازی و اینکه فولاد نتوانست غفور را مهار کند، بیان کرد: این دو از بازیکنان خوب کشور هستند و پست کلیدی دارند. غفور روند بازی را تغییر داد و خیلی قاطعانه به توپ ضربه زد. علی حاجی‌پور مقداری عصبی شد و کیفیتش را بروز نداد. به نظر می‌رسید تیم ما عجله داشت بازی را ببرد. در مسابقه بعدی چنین چیزی را در تیم ما نخواهید دید.او در واکنش به حواشی بازی و درگیری لفظی بازیکنان دو تیم گفت: دنبال مقصر نمی‌گردم. بازیکنان هر دو تیم اشتباه داشتند و وارد جریان حاشیه‌ای شدند. فکر می‌کنم در فضای آرام می‌شود بازی بهتری را انجام داد.انتهای پیام"
ورزشی,همایونفرمنش: از موسوی‌ و اسفندیار عذرخواهی می‌کنم/ این برد را فراموش می‌کنیم,https://www.isna.ir/news/1404011708043/%D9%87%D9%85%D8%A7%DB%8C%D9%88%D9%86%D9%81%D8%B1%D9%85%D9%86%D8%B4-%D8%A7%D8%B2-%D9%85%D9%88%D8%B3%D9%88%DB%8C-%D9%88-%D8%A7%D8%B3%D9%81%D9%86%D8%AF%DB%8C%D8%A7%D8%B1-%D8%B9%D8%B0%D8%B1%D8%AE%D9%88%D8%A7%D9%87%DB%8C-%D9%85%DB%8C-%DA%A9%D9%86%D9%85-%D8%A7%DB%8C%D9%86-%D8%A8%D8%B1%D8%AF-%D8%B1%D8%A7,"به گزارش ایسنا، شهروز همایونفرمنش درباره برد سه بر صفر شهداب مقابل فولاد گفت: برای این بازی برنامه داشتیم و خیلی خوب آنالیزشان کرده بودیم. در یک هفته گذشته تمرینات پرفشاری را پشت سر گذاشتیم و از طرفی هم همه انگیزه بالایی برای این بازی داشتیم تا از سد سیرجان بگذریم و سومین قهرمانی شهداب را به دست بیاوریم.او ادامه داد: هنوز چیزی تمام نشده است. برای بازی دوم ریکاوری می‌کنیم تا باز هم برنده شویم و به قهرمانی برسیم. همه بچه‌های ما این برد را فراموش کردند.همایونفرمنش درباره عملکرد خود بیان کرد: همیشه در اختیار تیم بوده‌ام و فرقی نمی‌کند بازی کنم یا نه. تصمیم گرفته شد که امروز از ابتدا بازی کنم و خوشبختانه مثمر ثمر بودم.او درباره درگیری لفظی‌اش با موسوی و اسفندیار گفت: موسی و اسفندیار دوستان من هستند. چنین کری‌خوانی‌هایی در چنین مسابقات پرفشاری طبیعی است. اگر حرفی زدم، عذرخواهی می‌کنم. بعد از بازی هم دست دادیم و روبوسی کردیم.انتهای پیام"
ورزشی,پایان هفته ۲۷ لیگ یک با پیروزی سایپا برابر داماش,https://www.isna.ir/news/1404011708038/%D9%BE%D8%A7%DB%8C%D8%A7%D9%86-%D9%87%D9%81%D8%AA%D9%87-%DB%B2%DB%B7-%D9%84%DB%8C%DA%AF-%DB%8C%DA%A9-%D8%A8%D8%A7-%D9%BE%DB%8C%D8%B1%D9%88%D8%B2%DB%8C-%D8%B3%D8%A7%DB%8C%D9%BE%D8%A7-%D8%A8%D8%B1%D8%A7%D8%A8%D8%B1-%D8%AF%D8%A7%D9%85%D8%A7%D8%B4,"به گزارش ایسنا، روز آخر هفته بیست‌وهفتم لیگ آزادگان امروز (یک‌شنبه، ۱۷ فروردین) با برگزاری یک دیدار پیگیری شد. سایپا در خانه با نتیجه ۲ بر یک داماش گیلان را شکست داد تا با ۴۶ امتیاز در رتبه پنجم قرار بگیرد. داماش هم با ۲۵ امتیاز پانزدهم است.در مهم‌ترین بازی‌ها فجر با یک گل شهرداری آستارا را شکست داد، پیکان دو بر صفر پارس جنوبی را مغلوب کرد و آریو اسلامشهر ۳ بر یک برابر نفت مسجد سلیمان به پیروزی رسید.فجر سپاسی در پایان مسابقات امروز با ۵۵ امتیاز صدرنشین است، آریو اسلامشهر با ۴۹ امتیاز در رتبه دوم قرار دارد و رتبه سوم با ۴۷ امتیاز در اختیار پیکان است. شهر راز شیراز، نفت مسجد سلیمان و شهرداری آستارا سه تیم پایین جدول هستند که در منطقه سقوط قرار دارند.نتایج بازی‌های هفته ۲۷ لیگ یک:مس سونگون یک - یک بعثت کرمانشاهشهرداری آستارا صفر - یک فجر سپاسیمس کرمان صفر - صفر شهرداری نوشهرپیکان ۲ - صفر پارس جنوبی جمپالایش نفت بندرعباس صفر - یک مس شهر بابکصنعت نفت آبادان یک - ۲ نیروی زمینیسایپا ۲ - یک داماش گیلانشهرراز شیراز صفر - صفر نفت و گاز گچسارانآریو اسلامشهر ۳ - یک نفت مسجد سلیمانانتهای پیام"
ورزشی,تساوی خیبر و شمس‌آذر زیر سایه هلی‌کوپتر/ استقلال تهران یک رده سقوط کرد!,https://www.isna.ir/news/1404011708037/%D8%AA%D8%B3%D8%A7%D9%88%DB%8C-%D8%AE%DB%8C%D8%A8%D8%B1-%D9%88-%D8%B4%D9%85%D8%B3-%D8%A2%D8%B0%D8%B1-%D8%B2%DB%8C%D8%B1-%D8%B3%D8%A7%DB%8C%D9%87-%D9%87%D9%84%DB%8C-%DA%A9%D9%88%D9%BE%D8%AA%D8%B1-%D8%A7%D8%B3%D8%AA%D9%82%D9%84%D8%A7%D9%84-%D8%AA%D9%87%D8%B1%D8%A7%D9%86-%DB%8C%DA%A9-%D8%B1%D8%AF%D9%87,"به گزارش ایسنا، تیم های فوتبال خیبر خرم آباد و شمس آذر قزوین در آخرین دیدار هفته بیست و پنجم لیگ برتر فوتبال ایران از ساعت ۱۷ در ورزشگاه تختی خرم آباد به مصاف یکدیگر رفتند که در پایان دو تیم به تساوی یک بر یک رضایت دادند.شاگردان سعید دقیقی پیش از این دیدار با ۲۷ امتیاز در رتبه دوازدهم و شاگردان سید مهدی رحمتی نیز با ۲۷ امتیاز در رده سیزدهم جدول رده بندی لیگ برتر فوتبال ایران قرار گرفته بودند که با این تساوی دو تیم ۲۸ امتیازی شدند.با این نتیجه خیبر بالاتر از استقلال تهران در رتبه یازدهم قرار گرفت و شمس آذر در همان رتبه سیزدهم باقی ماند.این دیدار قرار بود روز گذشته (شنبه) برگزار شود که به دلیل بارش‌های شدید در خرم‌آباد و جمع‌شدن آب در بخش‌هایی از زمین به تعویق افتاد.به گفته احسان ناصر، مدیرعامل باشگاه خیبر، یک فروند هلی‌کوپتر برای خشک‌کردن چمن ورزشگاه تختی خرم‌آباد اجاره شد که این مسئله در ادامه با حواشی مختلفی از جمله برکناری سه مقام مسئول به خاطر این اقدام همراه بود. به گفته ناصر هلی‌کوپتر یک ساعت بر فراز زمین چمن پرواز کرد و پروازی بسیار حساس و خطرناک بود. همچنین با تمهیدات در نظر گرفته‌شده پروازهای جایگزین برای اقدامات اورژانسی تعبیه شده بود.انتهای پیام"
ورزشی,اعلام زمان ثبت نام انتخابات فدراسیون بدنسازی و پرورش اندام,https://www.isna.ir/news/1404011708040/%D8%A7%D8%B9%D9%84%D8%A7%D9%85-%D8%B2%D9%85%D8%A7%D9%86-%D8%AB%D8%A8%D8%AA-%D9%86%D8%A7%D9%85-%D8%A7%D9%86%D8%AA%D8%AE%D8%A7%D8%A8%D8%A7%D8%AA-%D9%81%D8%AF%D8%B1%D8%A7%D8%B3%DB%8C%D9%88%D9%86-%D8%A8%D8%AF%D9%86%D8%B3%D8%A7%D8%B2%DB%8C-%D9%88-%D9%BE%D8%B1%D9%88%D8%B1%D8%B4-%D8%A7%D9%86%D8%AF%D8%A7%D9%85,"به گزارش ایسنا، بر اساس اعلام دفتر امور مشترک فدراسیون‌ها، ثبت‌نام کاندیداهای انتخابات فدراسیون بدنسازی و پرورش اندام از روز شنبه(مورخ ٢٣ فروردین) آغاز می‌شود.این ثبت نام که ١٠ روز کاری ادامه دارد به صورت سامانه‌ای و از طریق درگاه اینترنتی وزارت ورزش و جوانان صورت می‌گیرد. با برنامه‌ریزی صورت گرفته در نظر است فرایند برگزاری مجامع انتخاباتی فدراسیون‌ها در فاصله زمانی کوتاه‌تری صورت گیرد، به نحوی که انتخابات فدراسیون‌ها در مدت حداکثر ٨۵ روز انجام شود.زمان و نحوه ثبت‌نام فدراسیون‌های اسکی، نجات غریق، موتورسواری و اتومبیل‌رانی و کاراته که با سرپرستی اداره می‌شوند، طی روزهای آینده اعلام خواهد شد.انتهای پیام"
سیاسی,"پزشکیان: با اجرای FATF داخلی، بسیاری از مصادیق فساد رفع می‌شود",https://www.isna.ir/news/1404011707927/%D9%BE%D8%B2%D8%B4%DA%A9%DB%8C%D8%A7%D9%86-%D8%A8%D8%A7-%D8%A7%D8%AC%D8%B1%D8%A7%DB%8C-FATF-%D8%AF%D8%A7%D8%AE%D9%84%DB%8C-%D8%A8%D8%B3%DB%8C%D8%A7%D8%B1%DB%8C-%D8%A7%D8%B2-%D9%85%D8%B5%D8%A7%D8%AF%DB%8C%D9%82-%D9%81%D8%B3%D8%A7%D8%AF-%D8%B1%D9%81%D8%B9-%D9%85%DB%8C-%D8%B4%D9%88%D8%AF,"به گزارش ایسنا، مسعود پزشکیان رئیس جمهور صبح امروز یکشنبه با حضور از پیش اعلام نشده در وزارت دادگستری، با وزیر و جمعی از معاونان و مدیران این وزارتخانه دیدار و در نشستی با آنان به بررسی گزارش عملکرد و برنامه‌های آتی این مجموعه پرداخت.پزشکیان در این نشست پس از استعماع گزارش‌ها، دیدگاه‌ها و پیشنهادات وزیر و معاونان وزارت دادگستری، به ویژه در زمینه اصلاح برخی قوانین در زمینه تسهیل فرزندخواندگی، اظهار داشت: قوانین موجود در این رابطه حتما باید اصلاح شود. به عنوان مثال اینکه دختران بدون سرپرست تا ۱۸ سالگی در مراکز مراقبتی نگهداری شوند و بعد در این سن حساس رها شوند، به هیچ وجه منطقی نیست، یا موضوع محدودیت‌ها در زمینه فرزندخواندگی باید بازنگری و اصلاح شود.رئیس جمهور در ادامه با اشاره به درخواست‌های مطرح شده برای اعطای برخی اختیارات و نیز تامین نیروی انسانی مورد نیاز برای اجرای دقیق‌تر برخی وظایف قانونی از جمله در زمینه مبارزه با فساد تصریح کرد: درخواست‌های مطرح شده را به هیئت دولت ارائه دهید تا بررسی و تصویب شوند، اما این نکته مهم را در نظر داشته باشید که اجرای قانون از جمله در زمینه مبارزه با فساد لزوما نیاز به عِده و عُده ندارد.پزشکیان اضافه کرد: امروز با کمک ابزارها و روش‌های نوین متکی بر تکنولوژی‌های مدرن، این امکان وجود دارد که با تعریف عملیاتی کدپستی، کد ملی، کد کالا و اجرای برخی قوانین مثل ماده ۱۶۹ قانون مالیات‌های مکرر تا حد بسیار زیادی بستر وقوع فساد را از بین برد؛ ما اگر FATF داخلی را اجرا کنیم، بسیاری از مصادیق فساد بدون نیاز به حضور و رصد میدانی، صرفا با رصد داده‌ها و اطلاعات اصلاح و رفع خواهند شد. به این شکل حتی می‌توانیم دولت را نیز کوچک و چابک کنیم.رئیس جمهور عدالت را نور چشم هر جامعه‌ای توصیف و تصریح کرد: اگر این سامانه‌های داده‌محور اجرا شوند، عدالت، انصاف و حق در جامعه اجرا خواهند شد. اگر کاداستر در کشور به طور کامل اجرا شده بود، آیا امروز شاهد زمین‌خواری، کوه‌خواری و جنگل‌خواری بودیم.رئیس جمهور خاطرنشان کرد: وقتی متون ادعیه، روایات و آیات را مرور می‌کنیم، می‌بینیم که هیچ قانون و قاعده مشابهی در جهان در این حد متعالی و انسان‌دوستانه نیست. ما باید تلاش کنیم عامل به این دستورات و توصیه‌ها باشیم. دولت در حال تهیه طرح‌هایی برای حمایت از معیشت اقشار محروم‌تر، بر پایه محوریت مساجد، محلات و خانواده‌ها است و از نهادهای مرتبط با مساجد و محلات برای جمع‌آوری اطلاعات لازم و نیز اجرای این طرح‌ها کمک خواهیم گرفت.پزشکیان با تکرار این نکته که اگر به دستورات و توصیه‌های اسلام عمل کنیم، بسیاری از مشکلات حل خواهند شد، اظهار داشت: شهید بهشتی تاکید می‌کند که اگر جامعه‌ای را دیدید که نمی‌دانستید چه دین و آیین و مسلکی دارند، نگاه کنید و ببینید که اگر به اخلاق، حق، عدالت و انصاف عمل می‌کنند، بدانید که آنها صالح و مسلم هستند و اگر نه صالح و مسلم نیستند.رئیس جمهور از بخش‌های نظارتی زیر نظر وزارت دادگستری و نیز دیگر دستگاه‌های نظارتی خواست که اگر به تخلف و اشکالی برخوردند، منتظر نمانند تا آن تخلف بزرگ و عمیق‌تر شود، بعد با آن برخورد کنند و افزود: تخلف و متخلف را با نگاه اسلامی ببینید و از همان ابتدا به او تذکر دهید که اشتباهش را اصلاح کند؛ در سامانه‌های اطلاعاتی و هوشمند نیز این امکان را در نظر بگیرید که بتوان تخلفات را در همان بدو وقوع کنترل و اصلاح کرد.پزشکیان تاکید کرد که فقر و تبعیض زیبنده جامعه اسلامی نیست و باید تمام تلاش خود را به کار بگیریم که مشکلات و به خصوص فقر و آثار و تبعات آن را از چهره و بطن جامعه بزداییم.پیش از سخنان رئیس جمهور، وزیر و چند تن از معاونان وزارت دادگستری در سخنانی به ارائه گزارشی از عملکرد بخش‌های تحت مدیریت خود و نیز تشریح دیدگاه‌ها، مطالبات و پیشنهادات خود پرداختند.انتهای پیام"
سیاسی,سرلشکر باقری: هرگونه تهدید را با تمام قوا پاسخ خواهیم داد,https://www.isna.ir/news/1404011707772/%D8%B3%D8%B1%D9%84%D8%B4%DA%A9%D8%B1-%D8%A8%D8%A7%D9%82%D8%B1%DB%8C-%D9%87%D8%B1%DA%AF%D9%88%D9%86%D9%87-%D8%AA%D9%87%D8%AF%DB%8C%D8%AF-%D8%B1%D8%A7-%D8%A8%D8%A7-%D8%AA%D9%85%D8%A7%D9%85-%D9%82%D9%88%D8%A7-%D9%BE%D8%A7%D8%B3%D8%AE-%D8%AE%D9%88%D8%A7%D9%87%DB%8C%D9%85-%D8%AF%D8%A7%D8%AF,"به گزارش ایسنا، سرلشکر پاسدار محمد باقری صبح امروز؛ ۱۷ فروردین ۱۴۰۴ در جمع فرماندهان، مدیران و کارکنان ستاد کل نیروهای مسلح و قرارگاه مرکزی خاتم الانبیاء؛ ضمن گرامیداشت یاد و خاطره امام راحل بزرگوار، شهدای دفاع مقدس، شهدای امنیت و محور مقاومت، بخصوص سید شهیدان مقاومت سیدحسن نصرالله، شهیدان هنیه و سنوار و شهدای غزه، لبنان و یمن؛ اعیاد نوروز و فطر را به کارکنان ستاد کل نیروهای مسلح، قرارگاه مرکزی خاتم‌الانبیاء و سازمان‌های نیروهای مسلح تبریک گفت و اظهار امیدواری کرد که سال ۱۴۰۴ سالی سرشار از خیر و برکت، سال ظهور حضرت مهدی(عج) و سال نصرت جبهه‌ی حق برباطل باشد.وی با تاکید بر تعیین شعار امسال توسط مقام معظم رهبری تحت عنوان سرمایه گذاری برای تولید افزود: بخش‌های اقتصادی در نیروهای مسلح به خصوص وزارت دفاع و بنیادهای تعاون نیروهای مسلح باید با برنامه‌ریزی دقیق و منظم در مسیر تحقق شعار سال گام بردارند و حداکثر هماهنگی، تعامل و همکاری را با دولت محترم داشته باشند.وی الزامات اساسی سرمایه‌گذاری برای تولید را دفاع مستحکم کشور، امنیت پایدار، ثبات و آرامش داخلی و امیدواری سرمایه‌گذار عنوان کرد و گفت: مسئولیت سنگین دفاع در کشور برعهده ما در نیروهای مسلح است و همه توان و تلاش ما باید این باشد که بازدارندگی، دفاع کارآمد، امنیت پایدار، ثبات و آرامش با تمام قوا دنبال بشود و اطمینان خاطر به امنیت سرمایه‌گذاری برای سرمایه‌گذاران داخلی و خارجی داده شود.رییس ستاد کل نیروهای مسلح با اشاره به اجرای عملیات‌های وعده صادق یک و دو گفت: ما در تقابل نظامی با رژیم صهیونیستی و  اجرای عملیات‌های وعده‌ی صادق، واقعیت توانمندی‌ها و نقاط قوت و ضعف دشمن و خودمان را بخوبی محک زدیم و توانستیم در کوتاه‌ترین زمان ممکن با دقت برخی اشکالات را برطرف کنیم و اینک قاطعانه و با اطلاع دقیق می‌گویم که وضعیت پدافند هوایی، سطح تولید و توانمندی موشکی، توانمندی پهپادی و کروز ما با عملیات‌ وعده صادق دو و عملیات پنج آبان دشمن قابل مقایسه نیست.وی با محکوم کردن سکوت مرگبار و رفتار دوگانه‌ نهادهای بین‌المللی به اصطلاح حقوق بشری در قبال جنایات و توحش رژیم صهیونیستی در کشتار بیرحمانه‌ انسان‌های بیگناه، کودکان و زنان و سالمندان غزه اظهار داشت: خباثت و نسل‌کشی انسان‌های بیگناه و ویران کردن خانه و کاشانه‌ی مردم در غزه و لبنان توسط رژیم صهیونیستی بعد از عملیات طوفان‌الاقصی، با حمایت قاطع رژیم امریکا،کشورهای اروپایی و در سایه رفتار دوگانه و سکوت ننگین نهادهای بین‌المللی به اصطلاح حقوق بشری صورت گرفت.وی رییس دولت جدید امریکا را  فردی  خودشیفته و قلدرمآب نامید و عنوان کرد: امروز جهانیان شاهد هستند که او علاوه بر دشمنان، با دوستان و متحدانش هم درگیر شده است. اخیرا هم نامه‌ای برای مقام معظم رهبری نوشت و پاسخ درخور خودش را هم با لحاظ تدابیر و اوامر ایشان دریافت کرد. تدابیر ایشان بر این مبنا بود که ما آغازگر جنگ نیستیم؛ هرگونه تهدید را با تمام قوا پاسخ خواهیم داد؛ به دنبال آرامش در منطقه هستیم؛ در مسئله‌ی هسته‌ای به دنبال سلاح هسته‌ای نیستیم و نیازهای ملت خودمان را در هسته‌ای دنبال میکنیم؛ مذاکره مستقیم نخواهیم کرد، اما مذاکره غیرمستقیم ایرادی ندارد؛ شما بدقول‌ترین و بدعهدترین طرف در مذاکرات گذشته بودید و لذا هیچ اعتمادی به شما وجود ندارد.  این پاسخ معقول و بسیار حکیمانه به این جهت است که هم مردم کشور ما و هم مردم جهان بدانند که راهبرد جمهوری اسلامی ایران، دفاع از منافع خودش و پیشرفت و حرکت به سمت افق‌های ترسیم شده است. جمهوری اسلامی ایران جنگ طلب نیست، اما قلدری و زورگویی را نمی‌پذیرد و در مقابل آن ایستادگی خواهد کرد.باقری تصریح کرد: برنامه‌های ۱۴۰۴ نیروهای مسلح را با استفاده از تجارب و درسهای سال گذشته و بررسی نقاط ضعف و قوت، با دقت تدوین و ابلاغ کردیم و بر اساس فرمان فرمانده معظم کل قوا موظفیم سرعت ارتقاء قدرت و پیشبرد امور را دو برابر نماییم. قبل از همه چیز استعانت از کمک خداوند و توکل و اعتماد به قدرت الهی است که در یکایک اعضای نیروهای مسلح و همه ارکان ما بایستی موج بزند. ما اراده رهبری و اراده نیروهای مسلح را در وعده‌های صادق به دشمن نشان دادیم و این اراده را همچنان حفظ کردیم و ارتقاء دادیم؛ و بگونه‌ای طرحریزی کرده‌ایم که در صورت لزوم، از هنگام صدور فرمان معظّم‌له، در کمترین زمان ممکن سیل توانمندی‌های ما بر سر دشمن فرود خواهد آمد. پاسخ ما به هرگونه تعرض به حریم و منافع جمهوری اسلامی ایران کوبنده و جبران‌ناپذیر خواهد بود.در پایان رییس ستاد کل نیروهای مسلح بر تقویت توان معیشتی کارکنان نیروهای مسلح و تسریع در تامین مسکن مناسب سازمانی و تملیکی به عنوان مهمترین اولویتهای ستاد کل و سازمان‌های نیروهای مسلح تاکید نمود.انتهای پیام"
سیاسی,توضیحات عراقچی درباره مذاکره غیرمستقیم با آمریکا در جلسه کمیسیون امنیت ملی,https://www.isna.ir/news/1404011708024/%D8%AA%D9%88%D8%B6%DB%8C%D8%AD%D8%A7%D8%AA-%D8%B9%D8%B1%D8%A7%D9%82%DA%86%DB%8C-%D8%AF%D8%B1%D8%A8%D8%A7%D8%B1%D9%87-%D9%85%D8%B0%D8%A7%DA%A9%D8%B1%D9%87-%D8%BA%DB%8C%D8%B1%D9%85%D8%B3%D8%AA%D9%82%DB%8C%D9%85-%D8%A8%D8%A7-%D8%A2%D9%85%D8%B1%DB%8C%DA%A9%D8%A7-%D8%AF%D8%B1-%D8%AC%D9%84%D8%B3%D9%87-%DA%A9%D9%85%DB%8C%D8%B3%DB%8C%D9%88%D9%86,"به گزارش ایسنا، عباس مقتدایی در توضیح جلسه امروز کمیسیون امنیت ملی و سیاست خارجی مجلس گفت: این جلسه با حضور عراقچی وزیر امور خارجه برگزار شد که بخش قابل توجهی از آن مربوط به سیاست‌ها، رویکردها و توضیح اقدامات انجام شده وزارت امور خارجه در خصوص تحولات منطقه و مباحث روز بود.وی توضیح داد: در این جلسه موضوع نامه رئیس جمهور آمریکا به جمهوری اسلامی ایران مطرح شد و اینکه کشورمان مبحث مذاکره غیرمستقیم برای تامین منافع ملت ایران را به طرف مقابل اعلام کرده است؛ گفته شد که ایران بر اساس روال‌هایی که قبلا سابقه داشته با کشور عمان برای تبادل دیدگاه‌های مابین ایران و آمریکا همکاری کرده و این کشور در این جهت اقدام خواهد کرد.مقتدایی اضافه کرد: اکنون توپ در زمین آمریکاست زیرا ایران حسن نیت خود را بارها نشان داده است؛ کشورمان در عین آمادگی عظیم دفاعی و امنیتی، پنجره دیپلماسی و موضوع حل و فصل موانع و مشکلات از طریق دیپلماسی را پیشنهاد کرده و هیچ گونه تهدیدی را نمی‌پذیرد. ما پیگیری امور از طرق سیاسی را به عنوان یک راه حل مفید می‌دانیم.وی افزود: در این جلسه موضوعات مختلف در راستای تامین منافع ملت ایران، ارائه دیدگاه‌های کمیسیون امنیت ملی و سیاست خارجی و تبادل نظر وزیر امور خارجه با کمیسیون امنیت ملی مطرح شد.نایب رییس کمیسیون امنیت ملی و سیاست خارجی مجلس همچنین با اشاره به بررسی لایحه ساماندهی پرنده های هدایت پذیر از راه دور (پهپاد) غیرنظامی گفت: بخشی از مواد باقی مانده این لایحه بررسی و تصویب شد و ادامه رسیدگی نیز به جلسات بعدی موکول شد.انتهای پیام"
سیاسی,قالیباف:موفقیت هر کاری در کشور منوط بر مردمی بودن آن است,https://www.isna.ir/news/1404011707426/%D9%82%D8%A7%D9%84%DB%8C%D8%A8%D8%A7%D9%81-%D9%85%D9%88%D9%81%D9%82%DB%8C%D8%AA-%D9%87%D8%B1-%DA%A9%D8%A7%D8%B1%DB%8C-%D8%AF%D8%B1-%DA%A9%D8%B4%D9%88%D8%B1-%D9%85%D9%86%D9%88%D8%B7-%D8%A8%D8%B1-%D9%85%D8%B1%D8%AF%D9%85%DB%8C-%D8%A8%D9%88%D8%AF%D9%86-%D8%A2%D9%86-%D8%A7%D8%B3%D8%AA,"به گزارش ایسنا، محمدباقر قالیباف صبح یکشنبه ۱۷ فروردین در اولین جلسه علنی مجلس در سال ۱۴۰۴، در نطق پیش از دستور خود با تبریک فرارسیدن سال نو گفت: فرا رسیدن سال نو را به هموطنان عزیزم تبریک می‌گویم و برای آن‌ها در سال پیش رو آرزوی سلامتی و آرامش دارم. همچنین امیدوارم طاعات و عبادات ایرانیان و همه مسلمین جهان در ماه مبارک رمضان مقبول درگاه خداوند مهربان قرار گرفته باشد.وی ادامه داد: ماه رمضان، ماه وحدت قلوب مسلمین است و روز قدس جلوه پرنور این وحدت به شمار می‌آید. روز قدس، این میراث نورانی حضرت امام (ره) امسال نه تنها وحدت مسلمانان حقیقی را نمایان ساخت، بلکه انسجام همه آزادگان عالم را علیه جنایت بی حد و مرز رژیم غاصب صهیونیستی به نمایش گذاشت.گرچه در این ماه عزیز دست‌های شیاطین بسته بود، اما پنجه‌های سگ هار منطقه همچنان چهره کودکان معصوم و زنان مظلوم فلسطینی را می‌خراشید و جان آنها را می‌گرفت.قالیباف تاکید کرد: هر که چشمی برای دیدن و گوشی برای شنیدن داشته باشد، خباثت بی‌نهایت این رژیم کودک‌کش را محکوم می‌کند، اما چشم حامیان غربی این رژیم در برابر این جنایت‌ها کور و گوششان کر است و ادعای حقوق بشری‌ آن‌ها را بیش از پیش در افکار عمومی جهانیان بی‌آبرو کرده است‌.رییس مجلس با اشاره به نامگذاری امسال به نام «سرمایه‌گذاری برای تولید» توسط مقام معظم رهبری گفت: بدتر از مواجه شعاری و تشریفاتی با شعار سال، مواجه جزیره‌ای و ناهماهنگ در سیاست گذاری و اجرای عناوین سال است، لذا اگر با موضوع سرمایه‌گذاری برای تولید هم اینگونه برخورد شود، هرگز به اهداف مورد نظر دست پیدا نمی‌کنیم.وی افزود: اقتصاد مجموعه‌ای از حوزه‌های مرتبط با یکدیگر است، لذا هر مداخله سیاستگذار در یک حوزه آثار عینی در حوزه‌های دیگر دارد و به همین ترتیب رفتار ذی‌نفعان آن حوزه و مشمولان دیگر حوزه‌ها در پی هر تصمیمی متفاوت خواهد بود که اگر از قبل پیش بینی و تدبیر نشود، هر سیاست اصلاحی را می‌تواند به ضدخود تبدیل کند. همچنین اگر مراجع و قوای مختلف سیاست‌گذاری، اجرا و نظارت بدون هماهنگی لازم عمل کنند، همین نتیجه محقق  نمی‌شوند.وی یادآور شد: تجربه این رویکرد جزیره‌ای و غیره هماهنگ را به ویژه در ۱۵ سال گذشته شاهد بوده‌ایم که نتایج چنین شیوه حکمرانی، تشدید ناترازی‌ها و سخت‌تر شدن مسیر تحول پایدار اقتصادی است.قالیباف اضافه کرد: نه تنها شعار امسال اقتصادی است، بلکه معطوف به تولید است؛ طی بیش از ۱۷ سال گذشته تاکید رهبر انقلاب در شعارهای سال، بر مسئله تولید بوده است. رویکرد ایشان همواره معطوف به پیشرفت اقتصادی بوده و حل اساسی مشکلات معیشتی را از همین طریق ممکن می‌دانند.کلید حل مشکلات معیشتی سرمایه گذاری در کارهای مولد استرییس مجلس گفت: اگر سرمایه گذاری افزایش یابد، تولید تقویت می‌شود، با تقویت تولید رشد اقتصادی رقم می‌خورد و با رشد اقتصادی سطح رفاه و قدرت خرید مردم افزایش می‌یابد پس کلید حل مشکلات معیشتی نیز همین سرمایه گذاری در کارهای مولد است؛ اگرچه در مسیر رسیدن به این نقطه حتماً باید از سیاست‌های حمایتی مانند کالابرگ کمک گرفت تا جلوی آسیب به اقشار کمتر برخوردار گرفته شود، اما نباید فراموش کرد که این حمایت کافی نیست و برای حل ریشه‌ای مشکلات باید تولید را تقویت کرد و در نتیجه رشد را افزایش داد.قالیباف خاطرنشان گرد: در خصوص هماهنگی میان قوای مختلف و اجزای دولت نکات مفصلی وجود دارد که باید در جلسات مشترک قوا به آنها پرداخت، اما عجالتا در موضوع نظارت، تفکیک نوع نظارت مهم است؛ نظارت راهبردی بر عملکرد دولت بر عهده مجلس شورای اسلامی است که از طریق ابزارهای نظارتی قانونی صورت می‌گیرد و این نظارت موثر در دوره حاضر با هدف مراقبت از حرکت در ریل قانونی به ویژه قانون برنامه هفتم پیشرفت صورت می‌گیرد اما نظارت اجرایی بر عهده قوه قضاییه است که از طریق رسیدگی‌های قضایی پیرو گزارش مستند سازمان بازرسی و یا دیگر مراجع قانونی انجام می‌شود.وی توضیح داد: اصل ۱۷۴ قانون اساسی تاکید دارد که حق نظارت قوه قضاییه نسبت به حسن جریان امور و اجرای صحیح قوانین در دستگاه‌های اداری از طریق سازمان بازرسی کل کشور صورت می‌گیرد. طبیعتا همانگونه که رهبر انقلاب فرمودند همه نظارت‌ها باید موثر باشد و جنبه دستگیری و کمک داشته باشد تا مچ گیری و مانع تراشی.برای رشد اقتصادی چاره‌ای جز تزریق سرمایه‌های مردم به توان تولیدی کشور نیستقالیباف در ادامه گفت: نکته مهم رهبر فرزانه انقلاب مردمی بودن سرمایه گذاری برای تولید است؛ تجربه شخصی و مشترک همه ما بر این حقیقت اذعان دارد که موفقیت هر کاری در کشور منوط بر مردمی بودن آن است و اگر مردم غایب باشند شکست قطعی خواهد بود؛ دولت‌ها فقط بسترسازند و دستگاه‌ها نباید رقیب بخش خصوصی و مردمی شوند. دولت باید جایی سرمایه‌گذاری کند که مردم توان یا انگیزه آن را نداشته باشند، بنابراین اگر رشد اقتصادی می‌خواهیم چاره‌ای نیست جز آنکه مردم سرمایه‌های خرد و کلان خود را به توان تولیدی کشور تزریق کنند و لازمه این امر نقش آفرینی صحیح دولت است.وی ادامه داد: اگر می‌خواهیم در قوای سه گانه سرمایه‌گذاری برای تولید را تسهیل و تنظیم کنیم، باید از انگیزه سرمایه‌گذاران محافظت کنیم و این جز با تامین امنیت سرمایه شدنی نیست.تصمیم‌های خلق الساعه سرمایه را فراری می‌دهدقالیباف تاکید کرد: تصمیم‌های خلق الساعه و تغییرات پی در پی قوانین و مقررات، سرمایه را فراری داده و مردم را به امور غیرمولد، اما به ظاهر امن‌تر سوق می‌دهد. علاوه بر آن، واردات ارزان و بی‌رویه کالاهایی که امکان تولید مشابه آنها در داخل وجود دارد، می‌تواند به انگیزه سرمایه‌گذار آسیب جدی بزند.رئیس مجلس شورای اسلامی بیان کرد: همچنین سخت‌گیری‌های بی‌جای نظارتی یا فرایندهای پیچیده و طاقت‌فرسای مجوزدهی، انگیزه سرمایه‌گذار را کاهش می‌دهد. ما مسئولین در هر سه قوه باید از صمیم قلب باور کنیم این ماییم که باید به دنبال مردم بدویم، نه مردمی که می‌خواهند سرمایه‌گذاری کنند. باید به استقبال سرمایه‌گذار برویم، نه آنکه او را با نگاه از بالا به پایین طرد کنیم.رییس مجلس تاکید کرد: دولت باید سکان هدایت اعتبار و نقدینگی را برای افزایش تولید در دست گیرد، این کار مستلزم آن است که دولت مطابق احکام متعدد مندرج در قانون برنامه هفتم پیشرفت، فرصت‌ها و نقاط نیازمند سرمایه‌گذاری را شناسایی کند و سپس آنها را برای مردم به درستی تبیین نماید تا سرمایه‌های خرد و کلان مردم یک زنجیره ارزش به هم پیوسته اقتصادی را رقم بزند و از پراکنده شدن و هدر رفتن سرمایه‌ها جلوگیری کند. در این زمینه حوزه‌های پیشران در اولویت قرار دارد و قطعا موضوع انرژی در پیشانی سرمایه‌گذاری قرار دارد که از طریق شرکت‌های سهامی عام، پروژه و دیگر قالب‌های اقتصادی باید سرمایه‌گذاری را در این حوزه افزایش داد.باید سیاست مالی و پولی کشور در خدمت خلق ارزش پایدار و ثروت آفرینی باشدقالیباف بیان کرد: همچنین حکمرانی اقتصادی به ویژه سیاست مالی و سیاست پولی کشور باید به صورت توأمان در خدمت خلق ارزش پایدار و ثروت آفرینی کشور باشد.وی توضیح داد: باید اصلاح ساختار بودجه در جهت جبران کسری بودجه دولت هم راستا با اصلاح نظام بانکی به نحوی عمل کند که سرمایه گذاری برای تولید غیر دستوری محقق شود. در این زمینه سیاست ارزی نقش عمده‌ای ایفا می‌کند.هرگونه مداخله دستوری محکوم به شکست استرییس مجلس بیان کرد: قطعا ارز یک متغیر سیاستی است و نباید به حال خود رها شود، اما هرگونه مداخله دستوری که انگیزه سرمایه‌گذاری در تولید و صادرات را از بین ببرد، محکوم به شکست است. بانک مرکزی و دولت در قوانین متعدد اختیار کافی برای اعمال صحیح سیاست گذاری در این زمینه را دارند.رئیس مجلس یادآور شد: خوشبختانه مجلس شورای اسلامی در موضوع شعار سال، در دوره‌ی یازدهم دو قانون مترقی و اساسی را  برای هر دو سطح «کسب‌وکار» و «بنگاه» به تصویب رسانده است. مجلس یازدهم اولا با تصویب «قانون تسهیل صدور مجوزهای کسب‌وکار»، سدی آهنین را از پیش پای متقاضیان سرمایه‌گذاری در کسب‌وکارها برداشت  و ثانیا با تصویب «قانون تأمین مالی تولید و زیرساخت‌ها» به روش‌های تأمین مالی تنوع بخشید و با استفاده از شیوه‌های نوین به تقویت سرمایه‌گذاری در بنگاه‌های اقتصادی کشور کمک کرد.وی افزود: توسعه و ترویج الگوهای گوناگون تامین مالی و توسعه‌ی ابزارهای تضمین نیز که در این قانون مورد توجه قرارگرفته، از دیگر ابزارهای مجریان برای رونق سرمایه‌گذاری در تولید است. ما نمایندگان در مجلس دوازدهم حتما بر حسن اجرای این دو قانون نظارت خواهیم کرد.با نهایی شدن طرح مالیات بر سفته بازی، سوداگری در بازار بی‌هزینه نخواهد بودرییس مجلس در ادامه اظهار کرد: ما در مجلس برای مهار بازارهای غیرمولد و مضر برای تولید، وظیفه‌ی خود می‌دانیم تا علاوه بر نظارت دقیق بر اجرای قانون «مالیات بر خانه‌های خالی» که تاکنون همواره روند اجرایی ضعیفی داشته است، در سال ۱۴۰۴ طرح «مالیات بر سوداگری و سفته بازی» را نیز، با لحاظ نکات کارشناسی پیرامون آن‌، پس از چند سال رفت‌ و برگشت به سرانجام برسانیم تا سوداگری در بازار بی‌هزینه نباشد. امیدواریم پس از رفت‌ و برگشت‌های کارشناسی، این طرح با تأیید شورای نگهبان هرچه سریع‌تر به قانون تبدیل شودوی افزود: علاوه بر این طرح، وظیفه‌ خود می‌دانیم با نظارت جدی بر چگونگی اجرای قوانین و مصوبات حوزه‌ حکمرانی بر ریال، کنترل و تسلط حاکمیت بر جریان پول، ارز و سرمایه را بیش از پیش تقویت کنیم و اجازه ندهیم منابع و سرمایه های کشور در مسیرهای غیرمولد و به سوی فرامرزهای اقتصاد ملی حرکت کند.قالیباف در پایان گفت: مجددا برای همه هموطنان عزیز و مسلمانان جهان در سال نو از خداوند متعال توفیق و سلامتی مسئلت می‌کنم.انتهای پیام"
سیاسی,بسته خبری ایسنا از اخبار رئیس‌جمهور در ۲۴ ساعت گذشته,https://www.isna.ir/news/1404011707992/%D8%A8%D8%B3%D8%AA%D9%87-%D8%AE%D8%A8%D8%B1%DB%8C-%D8%A7%DB%8C%D8%B3%D9%86%D8%A7-%D8%A7%D8%B2-%D8%A7%D8%AE%D8%A8%D8%A7%D8%B1-%D8%B1%D8%A6%DB%8C%D8%B3-%D8%AC%D9%85%D9%87%D9%88%D8%B1-%D8%AF%D8%B1-%DB%B2%DB%B4-%D8%B3%D8%A7%D8%B9%D8%AA-%DA%AF%D8%B0%D8%B4%D8%AA%D9%87,"به گزارش ایسنا،‌ این بسته به عنوان یک منبع کارآمد و منظم، شامل آخرین اخبار، تصاویر، گزارش‌ها و تحلیل‌های مسعود پزشکیان رئیس‌جمهور می‌باشد. با ما همراه باشید تا از فعالیت‌های رئیس‌جمهور مطلع شوید.گزارش اخبار مرتبط با فعالیت‌های کابینه دولت چهاردهم در ۲۴ ساعت گذشته را هم می توانیداینجابخوانید.برگزاری جلسه شورای عالی هماهنگی اقتصادی سران قواجلسه شورای‌عالی هماهنگی اقتصادی سران قوا به میزبانی  مسعود پزشکیان رئیس جمهور و با حضور محمدباقر قالیباف رئیس مجلس شورای اسلامی، حجت‌السلام و المسلمین محسنی اژه ای رئیس قوه قضائیه و دیگر اعضا در نهاد ریاست جمهوری برگزار شد.همدلی و عزم قوای سه‌گانه در راستای تحقق شعار سالسران سه قوه در پایان اولین نشست مشترک خود در سال ۱۴۰۴، بر همدلی و عزم قوا، بسیج همه ظرفیت‌ها و امکانات و همراهی بخش‌های مختلف در راستای تحقق شعار «سرمایه‌گذاری برای تولید» تأکید کردند.مسعود پزشکیان پس از پایان این نشست، با بیان این‌که «جلسات سران قوا تقریباً هر هفته و به شکل مستمر در راستای بررسی موضوعات مطرح و مهم برای سه قوه برگزار می‌شود و نتایج بسیار خوبی داشته است»، اظهار داشت: در جلسه این هفته موضوع اصلی، پیگیری اجرای شعار سال و چگونگی تمهید بسترها برای جذب سرمایه‌گذاری و مشارکت مردم در حوزه کاری هر یک از قوای مجریه، مقننه و قضائیه بود.عباسعلی مطلبی مغانجوقی رئیس سازمان نظام دامپزشکی شدرئیس دولت چهادرهم به پیشنهاد وزیر جهادکشاورزی و با عنایت به سوابق و تجارب ارزشمند «عباسعلی مطلبی مغانجوقی»، با صدور حکمی، وی را برای مدت 4 سال به عنوان «رئیس سازمان نظام دامپزشکی جمهوری اسلامی ایران» منصوب کرد و از او خواست با نظارت دقیق بر حسن اجرای امور فنی و اخلاقی حرفه‌ای دامپزشکی کشور و اعمال سیاست‌ها و برنامه‌های راهبردی مناسب، ضمن استفاده بهینه از افراد مجرب و متعهد در توسعه فعالیت‌های علمی و تحقیقاتی، صیانت از حقوق صنفی جامعه هدف و تحقق اهداف کلان آن سازمان مجدّانه کوشا باشد.پیام تسلیت پزشکیان در پی درگذشت خواهر شهیدان قمیرئیس جمهور همچنین در پیامی به محسن و محمد قمی، درگذشت حاجیه خانم طاهره قمی، خواهر شهیدان والامقام قمی و فرزند شهید خانم کفایی‌زاده تهرانی را تسلیت گفت و با خاندان معزز قمی ابراز همدردی کرد.بازدید سرزده رئیس‌جمهور از وزارت دادگستریرئیس‌ قوه مجریه صبح امروز هم با حضور سرزده در وزارت دادگستری با وزیر و جمعی از معاونان و مدیران این وزارتخانه دیدار و در نشستی با آنان به بررسی گزارش عملکرد و برنامه‌های آتی این مجموعه پرداخت.با اجرای FATF داخلی، بسیاری از مصادیق فساد رفع می‌شودپزشکیان در این نشست گفت: امروز با کمک ابزارها و روش‌های نوین متکی بر تکنولوژی‌های مدرن، این امکان وجود دارد که با تعریف عملیاتی کدپستی، کد ملی، کد کالا و اجرای برخی قوانین مثل ماده ۱۶۹ قانون مالیات‌های مکرر تا حد بسیار زیادی بستر وقوع فساد را از بین برد؛ ما اگر FATF داخلی را اجرا کنیم، بسیاری از مصادیق فساد بدون نیاز به حضور و رصد میدانی، صرفا با رصد داده‌ها و اطلاعات اصلاح و رفع خواهند شد.تقدیر پزشکیان از دستاورد کمیته ملی پارالمپیک در توسعه ورزش زنانرییس جمهور همچنین در نامه‌ای به رییس کمیته ملی پارالمپیک از تلاش‌ها و زحمات او و همکارانش در توسعه ورزش بانوان تقدیر کرد.لازم به ذکر است که در جریان معرفی و تجلیل از برگزیدگان جایزه روز جهانی زن از سوی کمیته بین‌المللی پارالمپیک (IPC)، کمیته ملی پارالمپیک جمهوری اسلامی ایران به‌عنوان کمیته برتر جهان در سال ۲۰۲۵ در بخش توسعه ورزش زنان انتخاب شد.عیادت پزشکیان از مجتبی رحماندوسترئیس جمهور با همراهی رئیس بنیاد شهید و امور ایثارگران، با حضور در یکی از بیمارستان‌های تهران، از مجتبی رحماندوست، نماینده مردم تهران، ری، شمیرانات، اسلامشهر و پردیس در مجلس شورای اسلامی و ادیب، شاعر و از جانبازان دفاع مقدس که به دلیل عوارض ناشی از جانبازی بستری شده است، عیادت کرد.پزشکیان ضمن گفت‌وگو با تیم پزشکی، از روند درمانی این شاعر و ادیب کشورمان مطلع شد و برای سلامتی و شفای عاجل وی دعا کرد و همچنین با حضور بر بالین سردار بلالی، جانباز ۷۰ درصد و پدر یکی از شهدای دفاع مقدس که در همین بیمارستان بستری بود، از وی نیز عیادت کرد.پزشکیان در ادامه حضور خود در این بیمارستان، گفت‌وگویی کوتاه و صمیمانه با جمعی از کادر درمان داشت و در فضایی رو در رو، پای صحبت تعدادی از مراجعان نشست و در جریان مسائل و دغدغه‌های آنان قرار گرفت.واکنش ها در پی اقدام رئیس جمهور در برکناری شهرام دبیری، معاون پارلمانی رئیس‌جمهور، به دلیل سفر تفریحی‌اش به قطب جنوب را نیز می توانید دراین گزارشبخوانید.انتهای پیام"
سیاسی,بسته خبری ایسنا از اخبار دولت در ۲۴ ساعت گذشته,https://www.isna.ir/news/1404011707993/%D8%A8%D8%B3%D8%AA%D9%87-%D8%AE%D8%A8%D8%B1%DB%8C-%D8%A7%DB%8C%D8%B3%D9%86%D8%A7-%D8%A7%D8%B2-%D8%A7%D8%AE%D8%A8%D8%A7%D8%B1-%D8%AF%D9%88%D9%84%D8%AA-%D8%AF%D8%B1-%DB%B2%DB%B4-%D8%B3%D8%A7%D8%B9%D8%AA-%DA%AF%D8%B0%D8%B4%D8%AA%D9%87,"به گزارش ایسنا،‌ این بسته به عنوان یک منبع کارآمد و منظم، شامل آخرین اخبار، تصاویر، گزارش‌ها و تحلیل‌ها اعضای دولت می‌باشد. با ما همراه باشید تا از فعالیت‌های دولت مطلع شوید.گزارش اخبار مرتبط با فعالیت‌های مسعود پزشکیان رئیس جمهور در ۲۴ ساعت گذشته را می توانید دراین لینکمرور کنید.تعرفه خودروهای «هیبریدی و برقی» بدون تغییر باقی مانددر جلسه بررسی تعرفه های خودرو که با حضور معاون اول رئیس جمهور و مقامات ارشد دستگاه‌های مرتبط با این حوزه برگزار شد، تعرفه خودروهای «‌هیبریدی و برقی» طبق روال قبل تعیین شد، اما مقرر شد درباره تعرفه «خودروهای بنزینی» بعد از بررسی‌ و کارشناسی دقیق، تصمیم‌گیری شده و تعرفه‌های این نوع خودروها متعاقبا اعلام شود.محمدرضا عارف در این جلسه تاکید کرد که در اتخاذ هرگونه تصمیمی باید توامان آثار تورمی و  روانی آن تصمیم را در جامعه لحاظ کرد و تصمیمات بگونه ای نباشد که آرامش روانی جامعه به مخاطره بیافتد.تاکید عارف بر همکاری دولت و مجلس برای عملیاتی کردن شعار سالمعاون اول رئیس‌جمهور همچنین در دیدار نوروزی با محمدباقر قالیباف بر ضرورت تداوم همکاری مجلس و دولت برای پیشبرد اهداف برنامه هفتم پیشرفت و عملیاتی کردن شعار سال تاکید کرد.در این دیدار که در فضایی صمیمانه در مجلس شورای اسلامی برگزار شد، عارف و  قالیباف بر ضرورت اتخاذ تدابیر و سیاست‌های مشترک برای جذب سرمایه‌گذاری و رونق تولید داخلی تاکید کردند.دیدار نوروزی رییس سازمان انرژی اتمی ایران با کارکنان صنعت هسته‌ای کشورمعاون رییس‌جمهور و رییس سازمان انرژی اتمی ایراندر دیدار با  کارکنان این سازمان با تبریک سال جدید و آرزوی قبولی طاعات و عبادات، با ارایه گزارشی از اقدامات صنعت هسته‌ای کشور در سالی که گذشت، پرداخت و برنامه‌های سازمان در سال ۱۴۰۴ را برشمرد.محمد اسلامی در این دیدار با اشاره به گرامیداشت ۲۰ فروردین، روز ملی فناوری هسته‌ای اعلام کرد که در این روز از دستاوردهای جدید هسته ای در راستای نمایش اقتدار و پیشرفت صنعت هسته‌ای ایران رونمایی خواهد شد. دنبال کردن دو موضوع مهم بهره‌وری و هم‌افزایی در سال ۱۴۰۴، از جمله مواردی است که امسال به جد آنها را دنبال خواهیم کرد.حاضریم مسیر مذاکره غیرمستقیم را بیازماییممراسم بزرگداشت نوروز ۱۴۰۴ به میزبانی وزیر امور خارجه و با حضور گسترده سفرا و روسای نمایندگی‌های دیپلماتیک مقیم تهران و همسران آنها برگزار شد.سید عباس عراقچی در این مراسم با تاکید بر اینکه «مذاکره مستقیم با طرفی که مدام تهدید به توسل به زور بر خلاف منشور ملل متحد می‌کند و مواضع متناقضی توسط مقام‌های مختلف آن بیان می‌شود، بی‌معنا خواهد بود»، تصریح کرد: اما ما همچنان به دیپلماسی پایبند بوده و حاضریم مسیر مذاکره غیرمستقیم را بیازماییم.پیام تسلیت وزیر خارجه به معاون ارتباطات بین‌الملل دفتر مقام معظم رهبریوزیر امور خارجه همچنین طی پیامی به حجت‌الاسلام والمسلمین «محسن قمی» معاون ارتباطات بین‌الملل دفتر مقام معظم رهبری، با ابراز تاسف و تالم از خبر درگذشت همشیره ایشان، این مصیبت را به ایشان و خانواده محترمشان تسلیت گفت.واکنش شهرام دبیری به برکنار شدنش توسط رئیس جمهورمعاون پارلمانی بر کنار شده رئیس جمهور در یادداشتی به برکناری خود واکنش نشان داد.در  یادداشت شهرام دبیری که در حساب کاربری وی در شبکه اجتماعی ایکس منتشر شده آمده است: اکنون که به صلاحدید رئیس‌جمهور و به‌رغم این‌که هیچ‌گونه خطای عملکردی نداشته‌ام و صرفاً به جهت سفر نوروزی از قبل برنامه‌ریزی‌شده، از ادامه این مسئولیت معاف شده‌ام، ضمن احترام به افکار عمومی و با اعلام حمایت از رئیس‌جمهور محترم، برای همه دولتمردان آرزوی موفقیت دارم.برکناری معاون پارلمانی از مصادیق اعمال نظر مردم در حاکمیت استدر همین ارتباط رئیس مرکز ارتباطات مردمی نهاد ریاست‌جمهوری با اشاره به اقدام رئیس‌جمهوری در برکناری معاون پارلمانی خود تاکید کرد که این رفتار یکی از شیوه‌های اعمال نظر مردم در حاکمیت است و به افزایش سرمایه اجتماعی نظام سیاسی و ‎رضایت مردمی کمک می‌کند.اولویت‌های وزارت ارتباطات در سال جدید اعلام شدوزیر ارتباطات و فناوری اطلاعات در دیدار نوروزی با کارکنان و مدیران مجموعه وزارت ارتباطات و سازمان‌ها و شرکت‌های تابعه، اولویت‌های سال جدید را بهبود معیشت کارکنان، ارائه آمار شفاف، پرهیز از سیاست‌زدگی و اجرای پروژه‌های ملی مانند هوشمندسازی انرژی و خدمات دولت الکترونیک عنوان کرد.سید ستار هاشمی با تبریک سال جدید و دعا برای قبولی طاعات، سال گذشته را سالی پرفراز و نشیب برای مردم و کشور دانست و گفت: سال گذشته با تمام فراز و نشیب‌ها با همت و قدرت مردم با سلامت پشت سر گذاشته شد و این قابل تقدیر است.مدیر کل دفتر نظارت بر معادن وزارت صمت منصوب شدوزیر صنعت، معدن و تجارت در حکمی بنا به پیشنهاد معاون امور معادن و فرآوری مواد این وزارتخانه، امیر حسن‌زاده را به سمت مدیرکل دفتر نظارت بر معادن وزارت صمت منصوب کرد و در بخشی از این حکم انتصاب، از وی خواسته تا با بهره‌گیری از ظرفیت‌های موجود و استفاده از دانش و توان نیروهای متخصص و غعال در بخش‌های مختلف دولتی و خصوصی، جهت ارتقای بخش معدنی استفاده کند.خدمات باکیفیت تیم بهداشت و درمان در تعطیلات نوروز / ۱۴۳۷ عملیات موفق احیا در ایام عیدوزیر بهداشت، درمان و آموزش پزشکی در دیدار نوروزی با خانواده دانشگاه علوم پزشکی شهید بهشتی از زحمات تیم بهداشت و درمان و خدمات ارزشمند مجموعه سلامت کشور در سالی که گذشت قدردانی کرد.محمدرضا ظفرقندی در این دیدار با بیان اینکه خدمات بهداشت و درمان تعطیلی ناپذیر است، گفت: تیم بهداشت و درمان کشور در تعطیلات نوروزی خدمات باکیفیتی به مردم ارایه کردند.وی همچنین با بیان اینکه در تعطیلات نوروزی سال جاری ۱۴۳۷ عملیات موفق احیا در کشور انجام شده، خاطرنشان کرد: این عدد به معنای نجات جان و بازگشت به زندگی است.فراخوان وزارت علوم برای جذب سرباز امریه در دانشگاه‌ها و موسسات آموزش عالیدفتر ارتباط با جامعه و صنعت وزارت علوم اعلام کرد؛ دانش‌آموختگان مقاطع تحصیلی کارشناسی ارشد و دکتری متقاضی امریه سربازی می‌توانند از ۱۹ تا ۲۳ فروردین ماه با مراجعه به سامانه amriye.msrt.ir از نام دانشگاه‌ها و رشته‌های مورد تقاضا برای امریه اطلاع پیدا کرده و نسبت به ثبت‌نام و ارسال مدارک مورد نیاز اقدام کنند.تحول در نظام اداری کشور/ ساماندهی نیروهای شرکتی و تحقق عدالت استخدامیمعاون رئیس‌جمهور و رئیس سازمان اداری و استخدامی کشور ضمن اعلام برخی از مهم‌ترین اقدامات این سازمان در دولت چهاردهم، برنامه ها و سیاست‌های جدید این سازمان در راستای بهبود بهره‌وری، توسعه دولت الکترونیک و اصلاح فرآیندهای استخدامی را نیز تشریح کرد.علاءالدین رفیع‌زاده با اشاره به ضرورت بازنگری در نظام اداری کشور، گفت: این موضوع به عنوان یک دغدغه جدی همواره وجود داشت و خوشبختانه دولت چهاردهم اراده جدی در این خصوص داشت. در همین راستا نیز تهیه، تدوین و تصویب برنامه اصلاح نظام اداری دولت چهاردهم در شش محور اساسی در دستورکار قرار گرفت.دیدار نوروزی وزیر فرهنگ و ارشاد اسلامی با حجت‌الاسلام حجتی کرمانیوزیر فرهنگ و ارشاد اسلامی در ادامه دیدارهای خود با بزرگان حوزه فرهنگ، هنر، اندیشه و رسانه، وزیر فرهنگ و ارشاد اسلامی به دیدار حجت‌الاسلام و المسلمین محمدجواد حجتی کرمانی رفت.حجتی کرمانی سابقه عضویت در مجلس خبرگان رهبری، نمایندگی مجلس شورای اسلامی و همچنین مشاور فرهنگی مقام معظم رهبری را در کارنامه دارد و در سال‌های اخیر، به تحقیق و تالیف کتاب مشغول است.انتهای پیام"
سیاسی,آمریکا بازی چماق و هویج راه انداخته است,https://www.isna.ir/news/1404011707659/%D8%A2%D9%85%D8%B1%DB%8C%DA%A9%D8%A7-%D8%A8%D8%A7%D8%B2%DB%8C-%DA%86%D9%85%D8%A7%D9%82-%D9%88-%D9%87%D9%88%DB%8C%D8%AC-%D8%B1%D8%A7%D9%87-%D8%A7%D9%86%D8%AF%D8%A7%D8%AE%D8%AA%D9%87-%D8%A7%D8%B3%D8%AA,"موسی الرضا ثروتی در گفت‌وگو با ایسنا، درباره نقش الهام بخشی ایران برای گروه های مقاومت، اظهار کرد: ایده مقاومت در ایران شکل گرفته است؛ اگرچه مقاومت از گذشته در فلسطین و لبنان وجود داشته است، اما پس از پیروزی انقلاب اسلامی، ایده مقاومت از سوی ایران الهام بخش به کشورها و گروه‌های منطقه شد. از سویی حمایت‌های معنوی ایران از گروه‌های مقاومت موجب شده که آمریکا این گروه ها را وابسته به ایران بداند، در حالیکه وابستگی تشکیلاتی بین ایران و این گروه ها وجود ندارد.وی با بیان اینکه گروه های مقاومت مستقل از ایران عمل می کنند، ادامه داد: برای آمریکا سوال است که چگونه با این حجم از حملات به یمن، این کشور همچنان مقاومت می‌کند؟ آنها چون جوابی به این پرسش خود ندارند، یمن را وابسته به ایران می دانند، در حالیکه یمن به صورت مستقل تصمیم گرفت برای حمایت از مردم غزه، اسرائیل و کشتی های آمریکایی را هدف قرار دهد.نماینده ادوار مجلس شورای اسلامی درباره رویکرد آمریکا برای مذاکره با ایران، خاطرنشان کرد: آمریکا بازی چماق و هویج را راه انداخته و حرف از مذاکره می زند و در عین حال ایران را هم تهدید می کند. آمریکا دنبال از بین بردن نفوذ منطقه‌ای و توان موشکی ما هستند چون اسرائیل، ناموس آمریکاست و جمهوری خواه و دموکرات هر دو حامی اسرائیل هستند. آمریکا می داند ایران دنبال بمب هسته ای نیست ولی می خواهد از ایران برای امنیت اسرائیل تضمین بگیرد.ثروتی در پایان گفت:  برخی گروه‌ها هم در داخل طرفدار غرب هستند و کشور را از منافع ارتباط با چین و روسیه محروم کرده اند. آمریکا و غرب روی خوشی به ایران نشان نمی دهند و در حالیکه کشورهای منطقه در حال همکاری تجاری با چین هستند، ما هنوز قراردادهای خود با این کشور را اجرایی نکرده ایم.انتهای پیام"
سیاسی,پیشنهادی برای ترامپ؛ دوستانت را نزد خود ببر,https://www.isna.ir/news/1404011707427/%D9%BE%DB%8C%D8%B4%D9%86%D9%87%D8%A7%D8%AF%DB%8C-%D8%A8%D8%B1%D8%A7%DB%8C-%D8%AA%D8%B1%D8%A7%D9%85%D9%BE-%D8%AF%D9%88%D8%B3%D8%AA%D8%A7%D9%86%D8%AA-%D8%B1%D8%A7-%D9%86%D8%B2%D8%AF-%D8%AE%D9%88%D8%AF-%D8%A8%D8%A8%D8%B1,"شهریار حیدری در گفت وگو با ایسنا، در واکنش به تلاش غربی ها برای چسباندن برچسب نیابتی به جریان مقاومت، بیان کرد: در این مدت شاهد هستیم که رژیم صهیونیستی و آمریکا در حال کشیدن خط و نشان برای ملت ایران هستند و هر روز به نوعی ملت ایران را تهدید می کنند. مقام معظم رهبری در بیانات خود به نکته بسیار حساس و راهبردی اشاره کردند.سرزمین فلسطین در طول تاریخ همواره متعلق به ملت فلسطین بوده است. این رژیم صهیونیستی است که زاده انگلیس و آمریکا است و به اندازه عمر یک انسان هم نیست که در منطقه به شکل نامشروع حضور پیدا کرده است.جریان مقاومت ریشه در دل تاریخ و تمدن ملت های منطقه داردوی در ادامه اظهار کرد: این رژیم صهیونیستی است که به نیابت از آمریکا در منطقه نقش آفرینی می کند و به کانون ناامنی در خاورمیانه و جهان تبدیل شده است.ملت فلسطین، لبنان، سوریه  و یمن نیروهای نیابتی هیچ کشوری نیستند، بلکه این ملت ها  ریشه در تاریخ، تمدن و فرهنگ قوی ایران دارند. من معتقد هستم که باید این موضوع را تحلیل و تبیین کرد. امروز آمریکا و رژیم صهیونیستی در حال کشتار ملت های منطقه هستند.باید به این سوال پاسخ دهند که علت اینکه ملت فلسطین و مردم منطقه با رژیم صهیونیستی مشکل دارند چیست؟با انتقال اسرائیلی ها به آمریکا ناامنی و کشتار در منطقه پایان می یابدنماینده ادوار مجلس شورای اسلامی، تصریح کرد: پیشنهاد بنده برای آمریکا این است که به جای اینکه مردم فلسطین، یمن و لبنان را قتل عام کند تا امنیت رژیم صهیونیستی را تامین کند، جمعیت۳ میلیونی اسرائیل را جمع کند و در یکی از ایالت های آمریکا به آن ها جای دهد. دیگر ناامنی و کشتار در خاورمیانه پایان می یابد. این یک پیشنهاد راهبردی برای آمریکا است.فرمایشات مقام معظم رهبری پیرامون اقتدار ملی، فرهنگ و تمدن ایرانی همواره دقیق و راهبردی بوده و عزت وقدرت به ملت داده است.بهتر است ترامپ تاریخ دفاع مقدس را مرور کندوی در ادامه تاکید کرد: حضور مردم در صحنه های مختلف، قدرت ملی را برای جمهوری اسلامی ایران به ارمغان آورده است. خیلی از انسان های آزاده با مذاهب و دیدگاه های مختلف به راهبردهای جمهوری اسلامی ایران در مقابل آمریکا و رژیم صهیونیستی نگاه اقتدار آفرین دارند.واقعیت این است که زمانی که جنگ تحمیلی به ایران در دوران دفاع مقدس تحمیل شد، صدام مانند رژیم  صهیونیستی به نیابت از غرب به ایران حمله کرد. زمانی که روسای جمهور وقت  آمریکا با تمام قدرت در کنار صدام بودند، ترامپ دنبال هتلداری بود.حقانیت و قدرت جمهوری اسلامی ایران بر کسی پوشیده نیستوی افزود: بهتر است ترامپ نگاهی به دوران دفاع مقدس داشته باشد تا متوجه شود علی رغم همراهی تمام و کمال آمریکا از صدام در جنگ تحمیلی، جمهوری اسلامی ایران هر روز عزت‌مند تر شد و حزب بعث عراق را به طور کامل شکست داد و دنیا نیز به این موضوع اعتراف کرد.حقانیت و قدرت جمهوری اسلامی ایران اثبات شده است. ترامپ باید به تاریخ مقاومت ملت ایران در برابر تهاجم و تهدید دشمن دقت کند. من یقین دارم که حتی اگر دولت و مسئولان نسبت به تهدیدهای دشمن بی تفاوت باشند، ملت ایران بی تفاوت نیست و در مقابل تهدیدات به شکل خودجوش خواهند ایستاد.ملت ایران اجازه نمی دهند غرور ملی توسط آمریکا خدشه دار شود.وی در ادامه خاطر نشان کرد: هر چقدر که دشمنان تهدید می کنند، ملت ایران مقاوم تر و منسجم تر خواهند شد و اجازه نمی دهند که غرور ملت ایران خدشه دار شود. ترامپ با زبان تهدید به نتیجه‌ای نخواهد رسید. این تهدیدات فقط انسجام ملی را بیشتر می‌کند. این تهدیدات ترامپ نشان می‌دهد که به شناخت درستی از ملت ایران نرسیده است. با تهدید و جنگ روانی دشمن به نتیجه‌ای نخواهد رسید.انتهای پیام"
سیاسی,احمدی‌سنگر: سرمایه‌گذاری برای تولید از قاچاق کالا جلوگیری خواهد کرد,https://www.isna.ir/news/1404011707402/%D8%A7%D8%AD%D9%85%D8%AF%DB%8C-%D8%B3%D9%86%DA%AF%D8%B1-%D8%B3%D8%B1%D9%85%D8%A7%DB%8C%D9%87-%DA%AF%D8%B0%D8%A7%D8%B1%DB%8C-%D8%A8%D8%B1%D8%A7%DB%8C-%D8%AA%D9%88%D9%84%DB%8C%D8%AF-%D8%A7%D8%B2-%D9%82%D8%A7%DA%86%D8%A7%D9%82-%DA%A9%D8%A7%D9%84%D8%A7-%D8%AC%D9%84%D9%88%DA%AF%DB%8C%D8%B1%DB%8C-%D8%AE%D9%88%D8%A7%D9%87%D8%AF,"محمدرضا احمدی سنگر، نماینده مردم رشت در مجلس شورای اسلامی در گفت‌وگو با ایسنا با اشاره به شعار امسال اظهار کرد: با توجه به شعار سالی که رهبر انقلاب نامگذاری کردند، سرمایه گذاری برای تولید مشارکت همه مردم را میطلبد. از سوی دیگر اگر مردم بخواهند سرمایه گذاری کنند، دولت باید تسهیلات و امکانات مورد نیاز برای سرمایه گذاری را فراهم کنند و اگر مردم نتوانند تسهیلات مورد نیاز را فراهم کنند، خود دولت باید تسهیلات مورد نیاز را در اختیار آنان قرار بدهد.وی ادامه داد: اگر سرمایه‌گذاری در تولید توسط مردم انجام شود، تولید افزایش قابل توجهی خواهد داشت. شعار امسال باعث می‌شود هم جلوی قاچاق کالا گرفته شود و هم جلوی واردات بی‌رویه کالا گرفته شود. ایجاد اشتغال ، تسهیل در امر ازدواج و فعال شدن چرخه اقتصادی کشور در نتیجه شعار امسال محقق خواهد شد؛ بنابراین همه مسئولین باید همت کنند تا طبق منویات رهبر معظم انقلاب عمل کنند تا مشکل تولید و اشتغال و ازدواج و معیشت و اقتصاد مردم برطرف شود.احمدی با اشاره به جنایات مجدد رژیم صهیونیستی در غزه تاکید کرد:‌ مردم ما در راهپیمایی روز قدس امسال نشان دادند ایرانیان از مسلمانان فلسطینی حمایت می‌کنند و انزجار خودشان را از آمریکا و رژیم کودک‌کش اعلام کردند. ما به مبانی، تفکر و اندیشه انقلاب اسلامی پایبند هستیم و با جان و دل مطیع امامین انقلاب، معمار کبیر انقلاب و رهبر معظم انقلاب هستیم و امیدواریم همه مسلمانان دست به دست همدیگر بدهند تا تحت رهبری رهبر معظم انقلاب به زودی شاهد نابودی اسرائیل و نجات فلسطینی‌ها باشیم.انتهای پیام"
سیاسی,عبور از دروازه تاریخ با قیام شیخ محمد خیابانی در تبریز,https://www.isna.ir/news/1404011606748/%D8%B9%D8%A8%D9%88%D8%B1-%D8%A7%D8%B2-%D8%AF%D8%B1%D9%88%D8%A7%D8%B2%D9%87-%D8%AA%D8%A7%D8%B1%DB%8C%D8%AE-%D8%A8%D8%A7-%D9%82%DB%8C%D8%A7%D9%85-%D8%B4%DB%8C%D8%AE-%D9%85%D8%AD%D9%85%D8%AF-%D8%AE%DB%8C%D8%A7%D8%A8%D8%A7%D9%86%DB%8C-%D8%AF%D8%B1-%D8%AA%D8%A8%D8%B1%DB%8C%D8%B2,"به گزارش ایسنا، امروز ۱۷ فروردین ۱۴۰۴ خورشیدی به اهم مناسبت‌ها و اتفاقات تاریخی این روز می‌پردازیم.قیام شیخ محمد خیابانی در تبریز- ۱۲۹۹شیخ محمد خیابانی از جوانی به فراگیری علوم دینی روی آورد و به سرعت مدارج علمی را طی کرد. پس از نهضت مشروطه، زندگی او وارد مرحله جدیدی شد و با تشکیل جمعیتی مبارز، در راه پیروزی مشروطه، گام‌های مهمی در تبریز برداشت.روزنامه «تجدد» توسط او و دوستانش چاپ و منتشر شد. در مقالاتی که در این روزنامه چاپ کرد خواستار احیاء و اجرای قانون مشروطه شد. خیابانی به عنوان رهبر فرقه دموکرات آذربایجان انتخاب شد و نقش حساسی پس از محاصره تبریز توسط قشون دولت مرکزی پیدا کرد.شیخ محمد خیابانی و پنج نفر از دوستانش به نمایندگی از مردم تبریز به دومین دوره مجلس شورای ملی رفت. به دلیل نطق‌های آتشین در مخالفت با دولت‌ وقت، احمد وثوق‌الدوله صدراعظم وقت قاجار تصمیم گرفت شیخ را از میدان به در کند به همین دلیل عده‌ای از صاحب منصبان نظامی را با افراد تعلیم دیده به تبریز فرستاد.با ورود آنان به تبریز، خیابانی بر ضد دولت مرکزی قیام کرد و کمتر از دو روز بعد اکثر ادارات شهر را به تصرف خود درآورد. این پیروزی و نهضتِ خیابانی، بیش از پنج ماه ادامه داشت. شیخ در حیاط ساختمان روزنامه تجدد برای مردم به ترکی سخنرانی می‌کرد.در این پنج ماه، خیابانی و جنبش او با خطرهای فراوانی مواجه شد اما به همه آنها فائق آمد و آتش توطئه‌ها را خاموش کرد.شیخ محمد خیابانی در دوره قیامش بر ارشاد افکار عمومی و ارتقای میزان آگاهی آنان به منظور نیل به اهدافش تأکید کرد به همین دلیل در صدد تجهیز قوای مسلح خویش برای دفاع از نهضت برنیامد.وی همچنین در جریان جنگ جهانی اول، در برابر فشار روس‌ها مقاومت کرد و از نفوذ کمونیسم جلوگیری کرد.عاقبت با ورود مخبرالسلطنه والی جدید تبریز و شکستن محاصره این مبارز انقلابی در ۲۱ شهریور ۱۲۹۹ به دست نیروهای دولتی بازداشت شد و به شهادت رسید.در تقویم شمسی مناسبت‌های دیگری چونحرکت قشون نظامی عبدالحسین میرزا فرمانفرما والی کرمانشاه از تهران به سمت کرمانشاه در سال ۱۲۹۱، تشییع جنازه محمدعلی شاه در پاریس با حضور احمد شاه قاجار و سلطان عبدالحمید پادشاه مستعفی عثمانی و جمعی از شاهزادگان و سران کشورهای اروپائی در سال ۱۳۰۳، رحلت فقیه برجسته آیت ‌اللَّه مهدی خالصی در سال ۱۳۰۴، انتصاب محمدعلی فروغی به سمت وزارت اقتصاد در سال ۱۳۰۹، انتصاب خلیل فهیمی استاندار آذربایجان به سمت سفارت کبرای ایران در ترکیه در سال ۱۳۱۵،   انتصاب انوشیروان سپهبدی به سفیرکبیری ایران در مسکو  در سال ۱۳۱۵، زلزله شدید گرگان در سال ۱۳۲۳، درگذشت دکتر خلیل ثقفی مقلب به اعلم‌الدوله مؤسس و رئیس انجمن معرفت‌الروح در ۸۴ سالگی در سال ۱۳۲۳، تاسیس بانک صنعتی و معدنی ایران با تصویب هیات وزیران برای اداره و بهره‌برداری از کارخانجات و مؤسسات صنعتی و معدنی در سال ۱۳۲۵، برنده شدن شرکت آنترپوز فرانسوی در مناقصه لوله‌کشی نفت ازنا به تهران در سال ۱۳۳۴، افتتاح دانشکده علوم دانشگاه مشهد در سال ۱۳۴۴، ورود محمود ریاض معاون نخست وزیر و وزیر امور خارجه جمهوری عربی متحده به تهران در سال ۱۳۵۰، سفر امیرعباس هویدا نخست‌وزیر وقت پهلوی به دعوت فهد ولیعهد وقت عربستان سعودی به این کشور در سال ۱۳۵۵ و بازتاب بین‌المللی اعتصاب غذای زندانیان سیاسی ایران در محافل سیاسی و مطبوعاتی جهان در سال ۱۳۵۷ به ثبت رسیده است.رویدادهای مهم این روز در تقویم قمریغزوه‌ احد- ۳در پی شکست مشرکان در جنگ بدر در سال دوم هجرت، لشکری ۳۰۰۰ نفری مهیا شد و  به سمت مدینه حرکت کرد. ۱۰۰۰ نفر از مسلمانان به رهبری پیامبر اسلام(ص) در هفتم شوال سومین سال هجرت از مدینه خارج شد و به سمت اُحُد راه افتادند.منافقانی که با جنگ در خارج از مدینه مخالف بودند با تحریک ۳۰۰ نفر را از همراهی با لشکر مسلمانان منصرف کردند و سپاه اسلام با ۷۰۰ نفر به جنگ مشرکان رفت.در ابتدای جنگ پیروزی برتری با مسلمانان بود اما با سرپیچی عده‌ای از فرمان اکید پیامبر مبنی بر حراست از موضع استراتژیک اُحد، سپاهیان قریش با عبور از تنگه احد  پشت سَرِ قوای اسلام قرار گرفتند و آنان را محاصره کردند و تعداد زیادی از مسلمانان را به شهادت رساندند.در این جنگ، حمزه عموی پیامبر و ۷۰ نفر از یاران حضرت رسول شهید شدند.در تقویم قمری مناسبت‌های دیگری چونوفات ""احمد بن جیهانی"" دانشمند ایرانی در سال ۳۰۶، درگذشت حکیم متاله میرزا رفیعا نائینی در سال ۱۰۸۰ و رحلت ""علامه میرزا ابوالحسن شعرانی"" فقیه، مفسر و عارف نامی در سال ۱۳۹۳ ثبت شده است.رویدادهای مهم این روز در تقویم میلادیهواپیماهای ژاپنی علیه ناوهای متفقین- ۱۹۴۵هنگامی که قوبیلای خان امپراتور چین با سه هزار کشتی پر از مردان جنگی به طرف ژاپن هجوم برده بود. یکی از هولناک‌ترین توفان‌های اقیانوس آرام و سواحل ژاپن، در ۱۷ ژوئیه ۱۲۸۱م به وقوع پیوست. به این ترتیب، این توفان گرچه سواحل ژاپن را درنوردید، اما باعث نجات ژاپن شد؛ چرا که توفان اکثر کشتی‌های امپراتور چین را غرق کرد و مابقی آن‌ها را پراکنده ساخت. این توفان نجات بخش از سوی ژاپنی‌ها ""کامیکازه"" نام گرفت. بیش از ۶۰۰ سال بعد از واقعه فوق، در جریان جنگ جهانی دوم، نبرد میان نیروهای ژاپنی و امریکایی گسترش یافت. در این زمان به پیشنهاد ژنرال هیدکی تویو، نخست‌وزیر وقت ژاپن، نیروهای ضربتی این کشور که به کامیکازه موسوم شده بودند، علیه نیروهای آمریکا وارد عمل شدند. در این نوع از برخورد که در جریان تهاجم نیروهای آمریکایی برای تصرف جزیره اوکیناوا به عنوان مهمترین پایگاه دریایی ژاپن، در ششم آوریل ۱۹۴۵م به وقوع پیوست، خلبانان از جان گذشته ژاپنی، هواپیماهای خود را به کشتی‌های امریکایی می‌زدند و ضمن وارد ساختن خسارات و تلفاتِ فراوان که به کشته شدن خود آنها نیز می‌انجامید، بعضاً باعث غرق کشتی‌های امریکایی می‌شدند. در جریان حمله نیروهای آمریکایی به ژاپن، ۱۳۰۰ کشتی، ده هزار هواپیما و ۴۵۰ هزار سرباز آمریکایی شرکت داشتند که در جریان حمله کامیکازه‌ها و حملات ژاپنی‌ها، بیش از ۷۶۰ هواپیما و ۴۰۰ کشتی امریکا از بین رفت و یا به شدت آسیب دید.درتقویم میلادی مناسبت‌های دیگری چونالحاق سرزمین پرتغال به استعمار اسپانیا در سال ۱۵۸۰، کشف قطب شمال توسط ""رابرت پیری"" دریاسالار امریکایی در سال ۱۹۰۹،   ورود امریکا به جنگ جهانی اوّل و اعلان جنگ به آلمان در سال ۱۹۱۷، حمله ارتش آلمان نازی به یوگسلاوی و یونان در جریان جنگ جهانی دوم در سال ۱۹۴۱، درگذشت ""چیان‌کایچک"" سیاست‌مدار چینی و رئیس جمهور سابق چین ملی در سال ۱۹۷۵، وقوع کودتا در سودان و سقوط ""جعفر نُمیری"" رئیس جمهور پیشین سودان در سال ۱۹۸۵، یورش وحشیانه رژیم بعث عراق به اماکن مقدسه نجف و کربلا در سال ۱۹۹۱ و آغاز جنگ داخلی و قبیله‌ای در کشور افریقایی رواندا در سال ۱۹۹۴ به ثبت رسیده است.انتهای پیام"
